профессия;вакансий
продавец-кассир;104
пекарь;86
дворник;77
подсобный рабочий;72
повар;67
оператор котельной;52
администратор магазина;48
тракторист;42
менеджер торгового зала / продавец м.косметик;40
электрогазосварщик;35
грузчик;34
директор магазина-партнёр;33
юрисконсульт;33
бухгалтер;32
воспитатель;31
водитель автомобиля;29
уборщик территорий;29
младший воспитатель;28
учитель;27
уборщик служебных помещений;27
слесарь-сантехник;26
преподаватель;26
начальник отделения;25
сборщик заказов;24
почтальон;24
кладовщик;23
торговый представитель;22
ветеринарный фельдшер;22
токарь;20
охранник;20
мастер;20
водитель  категории е;19
фельдшер;19
машинист экскаватора;19
уборщик;19
кухонный рабочий;19
методист;18
разнорабочий;18
санитарка;18
специалист по социальной работе;17
инженер;16
главный бухгалтер;16
электромонтер по эксплуатации распределительных сетей;16
водитель категории е (энгельс);16
водитель категории е международная доставка (энгельс);16
водитель категории с (энгельс);15
психолог;15
санитарка / санитар;15
оператор связи;14
слесарь-ремонтник;14
рабочий по комплексному обслуживанию и ремонту зданий;14
специалист;14
учитель математики;13
слесарь-электрик по ремонту электрооборудования;13
тракторист-машинист сельскохозяйственного производства;13
диспетчер;13
программист;12
педагог дополнительного образования;12
библиотекарь;12
воспитатель детского сада (яслей-сада);11
специалист по социальной реабилитации;11
старший менеджер по работе с клиентами;11
водитель погрузчика;11
фельдшер скорой медицинской помощи;11
электромонтер по обслуживанию подстанций;11
электромонтер по эксплуатации электросчетчиков;11
музыкальный руководитель;10
водитель-экспедитор;10
врач-анестезиолог-реаниматолог;10
экономист;10
фельдшер-лаборант;10
электрик;10
уборщик производственных и служебных помещений;10
уборщик территории;10
фармацевт;10
специалист по работе с семьей;9
ветеринарный врач;9
заведующий хозяйством;9
фельдшер скорой помощи;9
комплектовщик;9
электромонтер контактной сети;9
сторож (вахтер);9
ведущий специалист;9
главный специалист;9
художественный руководитель;9
агроном;9
лаборант;9
маляр;9
учитель русского языка и литературы;8
инженер-технолог;8
специалист по закупкам;8
ведущий бухгалтер;8
фельдшер фап;8
слесарь-сантехник (сантехник);8
слесарь-сборщик;8
электромонтер;8
администратор;8
делопроизводитель;8
плотник;8
механизатор (докер-механизатор) комплексной бригады на погрузочно-разгрузочных работах;8
монтажник по монтажу стальных и железобетонных конструкций;8
врач-методист;8
инженер-химик;7
инженер-энергетик;7
врач-офтальмолог;7
врач-невролог;7
юрист;7
слесарь;7
токарь (токарь-универсал);7
машинист крана автомобильного;7
тракторист - машинист сельскохозяйственного производства;7
машинист насосных установок;7
системный администратор;7
преподаватель (в колледжах, университетах и других вузах);7
медицинский лабораторный техник (фельдшер-лаборант);7
социальный работник;7
рабочий;7
дорожный рабочий;7
шлифовщик;7
учитель английского языка;6
менеджер;6
инженер-конструктор;6
ведущий экономист;6
заведующий отделением (в прочих отраслях);6
слесарь-электрик;6
слесарь - электрик по ремонту электрооборудования;6
электромеханик;6
фрезеровщик;6
электромонтер по ремонту и обслуживанию электрооборудования;6
секретарь судебного заседания;6
специалист операционного отдела;6
начальник отдела;6
каменщик;6
медицинская сестра;5
менеджер по работе с клиентами;5
ведущий инженер;5
врач-оториноларинголог;5
врач-терапевт;5
бухгалтер бюджетного/государственного учреждения;5
бухгалтер по заработной плате;5
слесарь кипиа;5
слесарь механосборочных работ;5
электрогазосварщик 6 разряда;5
контролер;5
машинист бульдозера;5
механизатор;5
грузчик-разнорабочий;5
официант;5
сторож;5
укладчик-упаковщик;5
специалист по охране труда;5
руководитель кружка;5
мастер производственного участка;5
заведующий отделением;5
заведующий складом;5
мастер участка;5
мастер производственного обучения;5
монтажник радиоэлектронной аппаратуры и приборов;5
преподаватель математики;5
педагог-организатор;5
лаборант химического анализа;5
биолог;5
рабочий по благоустройству населенных пунктов;5
инспектор;5
аккумуляторщик;5
учитель-дефектолог;4
учитель физики;4
логопед;4
менеджер по продажам;4
инженер-сметчик;4
водитель автомобиля легкового;4
врач ультразвуковой диагностики;4
врач-эндоскопист;4
юрист!;4
бухгалтер по расчету заработной платы;4
заведующий фельдшерско-акушерским пунктом-фельдшер;4
слесарь-инструментальщик;4
стропальщик;4
электромонтер по ремонту и  обслуживанию электрооборудования;4
электромонтер по обслуживанию электроустановок;4
повар-кассир;4
охранник ведомственной охраны;4
аппаратчик обработки зерна;4
секретарь руководителя;4
специалист по продажам;4
директор магазина;4
заместитель директора;4
директор школы;4
заведующий производством;4
старший мастер;4
мастер дорожный;4
монтажник рэа / радиомонтажник;4
психолог в социальной сфере;4
педагог-психолог;4
животновод;4
монтажник технологических трубопроводов;4
бетонщик;4
фармацевт-провизор;4
санитарка (мойщица);4
инструктор-методист по лечебной физкультуре;4
электрогазосварщик 5 разряда;4
товаровед;4
контролер водопроводного хозяйства;4
контролер станочных и слесарных работ;4
педагог;3
учитель иностранного языка;3
старший клиентский менеджер;3
инженер-проектировщик;3
инженер-электрик;3
инженер-программист;3
водитель;3
водитель автобуса;3
водитель погрузчика (сектор пополнения);3
медицинская сестра палатная/постовая;3
санитар;3
врач-рентгенолог;3
врач-эндокринолог;3
врач-кардиолог;3
врач-педиатр;3
врач-физиотерапевт;3
врач-инфекционист;3
врач-нейрохирург;3
врач клинической лабораторной диагностики;3
заместитель главного бухгалтера;3
оператор товарный;3
оператор по добыче нефти, газа и газового конденсата;3
слесарь аварийно-восстановительных работ;3
слесарь по эксплуатации и ремонту газового оборудования 5 разряда службы внутридомового газового оборудования;3
электрогазосварщик, занятый на резке и ручной сварке;3
электромонтажник / электромонтер;3
электромонтер оперативно-выездной бригады 5 разряда;3
машинист автовышки и автогидроподъемника;3
администратор магазина (балаково);3
диспетчер (центра управления сетями, оперативно-диспетчерской группы, службы);3
кассир торгового зала;3
специалист по кадрам;3
начальник лаборатории;3
руководитель кружка (клуба по интересам, коллектива, любительского объединения, секции, студии, туристской группы);3
заведующий ветеринарным участком;3
техник-программист;3
концертмейстер;3
наладчик кипиа;3
социальный педагог;3
педагог дополнительного образования детей и взрослых;3
слесарь-монтажник санитарно-технических систем (сантехник);3
столяр;3
штукатур;3
кровельщик по рулонным кровлям и по кровлям из штучных материалов;3
слесарь-сантехник 4 разряда;3
станочник широкого профиля;3
ведущий юрисконсульт;3
электромонтажник по силовым сетям и электрооборудованию;3
контролер энергонадзора;3
контролер контрольно-пропускного пункта;3
контролер отдела технического контроля;3
учитель географии;2
учитель истории и обществознания;2
учитель химии;2
учитель информатики;2
учитель-логопед;2
учитель химии и биологии;2
учитель физической культуры;2
старший воспитатель;2
менеджер по логистике;2
менеджер региональных продаж;2
инженер-электроник;2
инженер-эколог;2
главный инженер (в прочих отраслях);2
инженер по качеству;2
инженер - сметчик 2 категории проектно-сметного отдела;2
водитель автомобиля грузового/специального;2
полицейский (водитель);2
водитель категории с;2
младшая медицинская сестра по уходу за больными;2
главная/старшая медицинская сестра;2
экономист по материально-техническому снабжению;2
врач-психиатр;2
врач-терапевт участковый;2
врач-акушер-гинеколог;2
врач-травматолог-ортопед;2
врач-стажер;2
врач общей практики (семейный);2
старший бухгалтер;2
учетчик;2
агент по снабжению;2
заведующий фап-фельдшер;2
заведующий фельдшерско-акушерским пунктом - фельдшер;2
заведующий фельдшерско-акушерским пунктом - фельдшер (акушер, медицинская сестра);2
заведующий фельдшерско-акушерским пунктом;2
слесарь электрик по ремонту электрооборудования;2
электрик участка;2
наладчик железнодорожно-строительных машин и механизмов;2
мастер по ремонту электрооборудования;2
оператор эвм;2
оператор обезвоживающей и обессоливающей установки;2
оператор по добыче нефти и газа;2
оператор-заправщик;2
слесарь по ремонту автомобилей;2
слесарь по ремонту оборудования тепловых сетей;2
слесарь по эксплуатации и ремонту газового оборудования;2
сварщик;2
сварщик газовой сварки;2
токарь 6 разряда;2
фрезеровщик (фрезеровщик-универсал);2
электромонтер по обслуживанию подстанций 4 разряда;2
кондитер;2
машинист погрузочной машины;2
машинист сцены;2
машинист технологических насосов;2
машинист технологических компрессоров;2
машинист катка;2
машинист крана (крановщик);2
грузчик-мерчендайзер (саратов);2
мерчендайзер-грузчик в магазин (пр-т строителей);2
грузчик-мерчендайзер (тц сити молл);2
грузчик-мерчендайзер (пл. свободы, д. 1);2
уборщик производственных помещений;2
повар детского питания;2
повар-универсал;2
заведующий производством (шеф-повар);2
заведующий столовой;2
кладовщик-комплектовщик;2
кладовщик-комплектовщик (энгельс);2
старший кладовщик;2
работник склада (диспетчер по загрузке/выгрузке/развозу);2
укладчик деталей и узлов;2
администратор в магазин (ул. академика навашина);2
администратор магазина (энгельс);2
администратор магазина (саратов);2
сетевой и системный администратор;2
агент по закупкам;2
начальник отдела продаж;2
водитель-экспедитор магистральной доставки;2
водитель-экспедитор.;2
диспетчер-стажер;2
диспетчер автомобильного транспорта;2
диспетчер, осуществляющий непосредственное управление воздушным движением;2
старший диспетчер;2
работник склада (диспетчер сектора вторсырья);2
диспетчер/сектор управления дозариванием банана;2
работник склада (диспетчер/сектор оборотной тары);2
работник склада (диспетчер сектора межскладских перемещений);2
секретарь;2
продавец-кассир в магазин (пр-т строителей);2
продавец-кассир в магазин (ул. чапаева);2
специалист технической поддержки;2
специалист контактного центра;2
директор спортивной школы;2
директор школы (гимназии, лицея);2
ведущий специалист аппарата управления;2
начальник бюро переводов;2
начальник службы;2
заведующий хранилищем;2
заведующий ветеринарным пунктом;2
заведующий сектором (специализированным);2
заведующий хозяйством / завхоз;2
заведующий отделением в медицинской организации;2
начальник цеха;2
начальник производства (в промышленности);2
начальник смены (в промышленности);2
мастер цеха;2
мастер котельной;2
горный мастер;2
мастер зеленого хозяйства;2
мастер по ремонту оборудования;2
мастер района электрических сетей;2
техник-технолог;2
специалист по реабилитационной работе в социальной сфере;2
инженер по охране окружающей среды (эколог);2
оператор швейного оборудования;2
медицинский психолог;2
преподаватель физики;2
преподаватель-организатор основ безопасности жизнедеятельности;2
лаборант-приемщик проб;2
лаборант-металлограф;2
лаборант химико-бактериологического анализа;2
медицинская сестра приемного отделения;2
эколог;2
рабочий по уходу за животными;2
ведущий специалист отдела организации социальных выплат;2
ведущий специалист отдела предоставления мер социальной поддержки;2
механик;2
монтажник технологического оборудования и связанных с ним конструкций;2
маляр по металлу;2
рабочий обвалки;2
механик-наладчик;2
наладчик оборудования;2
станочник деревообрабатывающих станков;2
главный энергетик (в прочих отраслях);2
почтальон удпп;2
провизор;2
методист библиотеки, дома народного творчества, клубного учреждения, музея, центра (научно-методического, народной культуры и др.);2
инспектор по кадрам;2
администратор магазина (самойловка, красная площадь, 27);2
контролер билетов;2
контролер 3 разряда;2
контролер-упаковщик этикеток;2
контролер радиоэлектронной аппаратуры и приборов;2
контролер газового хозяйства 3 разряда;2
учитель (преподаватель) математики;1
учитель музыки;1
учитель технологии;1
учитель биологии;1
учитель труда (девочки);1
учитель начальных классов;1
учитель математики/информатики;1
учитель труда (технологии) для мальчиков;1
учитель иностранного (английского) языка;1
воспитатель-офицер;1
воспитатель гпд;1
воспитатель детского сада;1
воспитатель группы продленного дня;1
менеджер по продаже товаров;1
менеджер по продаже услуг;1
менеджер отдела продаж;1
помощник менеджера касс;1
менеджер по рекламе;1
менеджер по оптовым продажам/b2b;1
региональный менеджер по пензенской области и республике мордовия;1
менеджер по работе с клиентами (татищево);1
офис-менеджер;1
клиентский менеджер;1
сервис-менеджер;1
менеджер банка;1
менеджер по закупкам;1
старший клиентский менеджер, крупный и средний бизнес;1
старший клиентский менеджер крупного и среднего бизнеса;1
администратор зала;1
главный менеджер по эквайрингу;1
менеджер выездного сервиса;1
специалист в офис банка;1
клиентский менеджер розничного бизнеса;1
менеджер группы продаж зарплатных проектов;1
менеджер продуктов в области информационных технологий;1
ведущий менеджер по продажам услуг лизинга;1
старший менеджер по работе с клиентами (саратовская область);1
финансовый консультант;1
клиентский менеджер в отделение банка (р-н волжский);1
инженер по техническим средствам охраны;1
инженер по орнитологическому обеспечению полетов;1
инженер по эксплуатации аэродрома и метрологии;1
инженер по технической эксплуатации вс;1
инженер по связи и ит;1
инженер по контрольно-измерительным приборам и автоматике;1
инженер по ремонту и обслуживанию санитарно-технических систем;1
инженер по ремонту и обслуживанию систем вентеляции и кондиционирования;1
инженер снабжения;1
инженер по снабжению;1
геолог;1
инженер асу тп;1
инженер по охране труда;1
инженер по кипиа;1
инженер-метролог 2 категории;1
инженер-механик;1
ведущий инженер-проектировщик;1
инженер-теплотехник;1
инженер отдела эксплуатации;1
инженер по автоматизированным системам управления производством.;1
ведущий инженер по радионавигации, радиолокации и связи;1
старший инженер по радионавигации, радиолокации и связи;1
инженер-схемотехник;1
инженер-сметчик 2 категории проектно-сметного отдела;1
инженер по внедрению новой техники и технологии;1
инженер по наладке и испытаниям;1
инженер-сметчик 1 категории;1
инженер-конструктор (по оснастке и штампам);1
инженер по связи;1
инженер по благоустройству;1
сметчик (не инженер);1
инженер пто;1
инженер по стандартизации;1
инженер-наладчик;1
инженер-исследователь;1
инженер по закупкам;1
инженер по жизнеобеспечению;1
инженер лаборатории;1
инженер-вкх;1
инженер-геодезист;1
инженер-дефектоскопист;1
инженер (по энергетике);1
инженер-строитель;1
главный инженер;1
инженер кипиа;1
водитель пожарного автомобиля;1
водитель рлчс;1
водитель автопогрузчика;1
водитель троллейбуса на регулярных городских пассажирских маршрутах;1
водитель самосвала;1
водитель миксера;1
водитель школьного автобуса;1
водитель белаза;1
старший водитель;1
ученик водителя троллейбуса;1
водитель такси;1
водитель автомобиля 5 разряда;1
водитель категории е;1
водитель крана-манипулятора;1
водитель автомобиля скорой медицинской помощи;1
продавец;1
медсестра палатная;1
медсестра по функциональной диагностике;1
медсестра по мед. реабилитации;1
заведующий фап-медсестра;1
медсестра палатная отделения медицинской реабилитации;1
медицинская сестра фто;1
диетсестра;1
заведующий гинекологическим отделением-врач-акушер-гинеколог;1
главный экономист;1
экономист (отдел розничных продаж);1
экономист 2 категории группы организации труда и заработной платы;1
экономист по труду;1
экономист по бюджетированию;1
экономист (отдел сбыта);1
экономист (в сфере закупок);1
экономист планово-экономического отдела;1
экономист управления по работе с потребителями;1
ведущий экономист отдела программных мероприятий;1
ведущий экономист по ценообразованию отдела экономики и финансов;1
экономист отдела мониторинга исполнения областного бюджета;1
экономист отдела мониторинга и анализа местных бюджетов;1
экономист группы по работе с управляющими организациями и омсу;1
ведущий экономист по ценообразования отдел экономики и финансов;1
ведущий экономист по анализу и контролю реализации электрической энергии;1
ведущий экономист 2 сектора по планированию и анализу фхд;1
ведущий экономист 1 сектора по планированию и анализу фхд;1
ведущий экономист по финансовой работе отдела экономики и финансов;1
врач-психиатр-нарколог;1
врач терапевт;1
врач-гериатр;1
врач функциональной диагностики;1
врач-психотерапевт;1
врач-лаборант;1
врач;1
врач-ультразвуковой  диагностики;1
медицинская сестра палатная (постовая);1
врач узи;1
врач-онколог;1
врач-фтизиатр;1
заместитель главного врача;1
врач-стоматолог;1
врач-фтизиатр участковый;1
врач - уролог;1
врач-стоматолог детский;1
врач-неонатолог;1
врач общей практики (семейный врач);1
врач приемного отделения;1
врач-эпидемиолог;1
врач-трансфузиолог;1
медицинская сестра врача офтальмолога;1
медицинская сестра врача общей практики;1
заведующий отделением лучевой диагностики-врач-рентгенолог;1
главный юрист;1
юрист по корпоративному праву;1
юрист отдела искового производства;1
ведущий юрист отдела искового производства;1
бухгалтер по зарплате;1
заместитель главного бухгалтера по налоговому учету;1
ведущий бухгалтер (заведующий сектором) учета нефинансовых активов и расчетов с контрагентами;1
бухгалтер по заработной плате и кадры;1
бухгалтер отдела труда и заработной платы;1
старший бухгалтер отдела труда и заработной платы;1
бухгалтер по банковским операциям/банк-клиент;1
помощник бухгалтера/;1
бухгалтер в спортивную организацию;1
бухгалтер по расчету с персоналом;1
бухгалтер (средней квалификации);1
бухгалтер отдела по доходам и налогообложению;1
специалист техподдержки 1с;1
заместитель цуз-заместитель главного бухгалтера;1
ведущий специалист пто;1
начальник центра учета затрат-главный бухгалтер;1
бухгалтер отдела по учету материально-производственных запасов;1
бухгалтер отдела кассовых выплат и расчетных операций;1
фельдшер здравпункта;1
фельдшер (школы);1
медицинская сестра по массажу;1
медицинская сестра по физиотерапии;1
фельдшер-лаборант кдл;1
заведующий фап - фельдшер;1
фельдшер-лаборант ожогового отделения;1
заведующий фап- фельдшер с.липовка;1
механик-электрик;1
дворник, рабочий;1
слесарь-электрик по ремонту оборудования;1
слесарь-электрик по ремонту электрооборудования 5 разряда;1
слесарь-электрик по ремонту электрооборудования 3 разряда;1
слесарь-электрик по ремонту электрооборудования 4 разряда;1
слесарь-электрик по ремонту электрооборудования 6 разряда;1
электромонтер по ремонту и обслуживанию электрооборудования, 6 разряд;1
электромонтер по ремонту и обслуживанию электрооборудования, 5 разряд;1
электромонтер по ремонту и обслуживанию электрооборудования, 4 разряд;1
техник-электрик по обслуживанию электрооборудования систем контроля и автоматизации производства наноструктурированных полимерных материалов;1
электромонтер по ремонту и обслуживанию электрооборудования 3-6 разряда;1
оператор раскройного оборудования;1
оператор расфасовочно-упаковочного автомата;1
оператор покрасочной линии;1
оператор котельной 5 разряда;1
оператор технологических установок;1
оператор покрасочной линии (м);1
оператор обрабатывающих центров с чпу;1
оператор обезвоживающей и обессоливающей установок;1
оператор дефектоскопной тележки;1
оператор;1
оператор машины непрерывного литья заготовок, занятый на горячих работах (стажер);1
оператор станков с программным управлением;1
помощник машинист оборудования конвейерных и поточных линий;1
оператор видеонаблюдения;1
оператор автопогрузчика;1
оператор на аэротенках;1
оператор удпп;1
оператор на отстойниках;1
оператор на фильтрах;1
оператор оборудования;1
кассир;1
слесарь ремонтных работ;1
слесарь по эксплуатации и ремонту газового оборудования  5 разряда строительно-монтажного участка;1
слесарь по ремонту и то спецтехники;1
бригадир (освобожденный) предприятий железнодорожного транспорта и метрополитенов;1
слесарь по ремонту подвижного состава;1
слесарь по ремонту и обслуживанию автотранспорта;1
слесарь сантехник;1
слесарь по ремонту и обслуживанию перегрузочных машин;1
слесарь по ремонту и обслуживанию кип и автоматики;1
слесарь механосборочных работ 3 разряда (временно на период отсутствия работника на сво);1
слесарь по эксплуатации и ремонту подземных газопроводов;1
слесарь по сборке металлоконструкций;1
слесарь грузоподъемных механизмов, 5 разряд;1
слесарь по контрольно-измерительным приборам и автоматике;1
слесарь по ремонту и обслуживанию оборудования (и);1
слесарь аварийно-восстановительных работ 5 разряда службы врезок и ремонта;1
слесарь аварийно-восстановительных работ 5 разряда центральной аварийно-диспетчерской службы;1
слесарь по ремонту автомобилей 6 разряда транспортной службы;1
слесарь по эксплуатации и ремонту газового оборудования 4 разряда производственной базы;1
слесарь по эксплуатации и ремонту газового оборудования  5 разряда службы наружных газопроводов;1
слесарь по эксплуатации и ремонту подземных газопроводов  5 разряда службы наружных газопроводов;1
слесарь по эксплуатации и ремонту газового оборудования 5 разряда службы врезок и ремонта;1
слесарь по эксплуатации и ремонту подземных газопроводов  3 разряда службы наружных газопроводов;1
слесарь по эксплуатации и ремонту подземных газопроводов  4 разряда службы наружных газопроводов;1
слесарь по эксплуатации и ремонту газового оборудования службы внутридомового газового оборудования;1
слесарь по эксплуатации и ремонту газового оборудования 5 разряда службы наружных газопроводов;1
слесарь по ремонту и обслуживанию оборудования;1
слесарь по эксплуатации и ремонту газового оборудования 4 разряда службы эксплуатации пунктов редуцирования газа;1
слесарь по ремонту автомобилей 5 разряда транспортной службы;1
слесарь по ремонту автомобилей 4 разряда транспортной службы;1
слесарь по ремонту подвижного состава, 5 разряд;1
слесарь по эксплуатации и ремонту газового оборудования 5 разряда строительно-монтажного участка;1
слесарь по эксплуатации и ремонту газового оборудования 4 разряда службы внутридомового газового оборудования;1
слесарь по эксплуатации и ремонту газового оборудования 3 разряда службы эксплуатации пунктов редуцирования газа;1
слесарь по ремонту автомобилей 3 разряда  транспортной службы;1
старший слесарь аварийно-восстановительных работ;1
слесарь по ремонту;1
слесарь - ремонтник;1
слесарь -ремонтник;1
слесарь теплиц;1
слесарь- сантехник;1
сварщик на полуавтомат;1
сварщик на машинах контактной (прессовой) сварки;1
сварщик полуавтоматической/механизированной сварки;1
сварщик дуговой сварки плавящимся покрытым электродом;1
электросварщик ручной сварки 6 разряда, проект птк 'горный', пос. михайловский;1
токарь 5-6 разряда в инструментальный цех;1
токарь 3-6 разряда;1
токарь (временно на период отсутствия работника на сво);1
токарь 4 разряда транспортной службы;1
токарь 4 разряда производственной базы;1
токарь-расточник;1
токарь-расточник 6 разряда;1
токарь 5-6 разряда;1
токарь 5 разряда механического цеха;1
токарь 5 разряда механической мастерской;1
фрезеровщик 5 разряда механического цеха;1
фрезеровщик 6 разряда;1
фрезеровщик 3 разряда-5 разряда;1
стропальщик-транспортировщик;1
стропальщик 5 разряда;1
стропальщик-грузчик;1
грузчик-стропальщик;1
стропальщик 4 разряда;1
монтажник технологического трубопровода;1
вальцовщик по сборке и перевалке клетей;1
электромонтер оперативно-выездной бригады;1
электромонтер по ремонту  и обслуживанию электрооборудования 5 разряда;1
электромонтёр по ремонту и обслуживанию электрооборудования;1
электромонтер по ремонту и монтажу кабельных линий службы по технологическому присоединению;1
электромонтер по ремонту и монтажу кл службы эксплуатации и ремонта кл до 1000в и выше;1
электромонтер оперативно - выездной бригады пос. приволжский;1
электромонтер по испытаниям и измерениям 5 разряда;1
электромонтер по ремонту аппаратуры релейной защиты и автоматики, 6 разряд;1
электромонтер по обслуживанию подстанций 5 разряда;1
электромонтер по ремонту воздушных линий электропередачи 5 разряда ртищевского линейного участка сэлэп;1
электромонтер по ремонту и обслуживанию электрооборудования 5 разряда отдела капитального строительства;1
электромонтер по эксплуатации распределительных сетей 5 разряда;1
электромонтер по испытаниям и измерениям 3 разряда службы релейной защиты, автоматики и телемеханики, изоляции и защиты от перенапряжения;1
электромонтер по ремонту и обслуживанию электрооборудования 4 разряда;1
электромонтер по ремонту и монтажу кабельных линий 5 разряда;1
дежурный электромонтер;1
мастер по эксплуатации электросчётчиков метрологической службы;1
электромонтёр по обслуживанию электрооборудования электростанции (5 разряд);1
электромонтер по обслуживанию подстанции;1
электромонтер 6 разряда;1
электромонтер по ремонту электрооборудования;1
электромонтер по испытаниям и измерениям;1
кондитер 5 разряда;1
кондитер в гипермаркет (саратов, им академика о.к.антонова, 14б);1
оператор линии в производстве пищевой продукции;1
пекарь (лысые горы, лысые горы, рабочая, 2);1
пекарь (генеральское, генеральское, московская, 60а);1
пекарь (натальино, натальино, гагарина, 26);1
повар кулинарии в гипермаркет (саратов, им академика о.к.антонова, 14б);1
повар кулинарии в гипермаркет (энгельс, лесозаводская, 62);1
повар кулинарии в гипермаркет (вольск, комсомольская, 200);1
повар кулинарии в гипермаркет (саратов, им рахова в.г., 26/40);1
пекарь-тестомес в гипермаркет (саратов, им академика о.к.антонова, 14б);1
повар кулинарии в гипермаркет (саратов, им тархова с.ф., 48);1
пекарь-тестомес в гипермаркет (пугачев, ермощенко, 154а);1
повар кулинарии в гипермаркет (красноармейск, 1 мая, 3);1
пекарь-тестомес в гипермаркет (энгельс, лесозаводская, 62);1
пекарь-тестомес в гипермаркет (балаково, саратовское шоссе, 58);1
старший смены собственного производства в гипермаркет (саратов, им чернышевского н.г., 56а);1
старший смены пекарни в гипермаркет (саратов, им академика о.к.антонова, 14б);1
старший смены собственного производства в гипермаркет (вольск, комсомольская, 200);1
заведующий пекарней в гипермаркет (балаково, саратовское шоссе, 58);1
машинист подъемника;1
машинист трубоукладчика;1
машинист на спецтехнику;1
машинист автовышки;1
машинист крана;1
машинист экскаватора 5 разряда;1
машинист мостового/козлового крана;1
машинист автогрейдера 6 разряд;1
машинист компрессорных установок 4 разряда транспортной службы;1
машинист крана - манипулятора 5 разряд;1
машинист технологических компрессоров 5 разряда;1
машинист железнодорожно-строительной машины;1
машинист крана автомобильного 6 разряда транспортной службы;1
машинист строительной машины;1
машинист автовышки и автогидроподъемника 6 разряда;1
машинист экскаватора 5 разряда транспортной службы;1
машинист железнодорожно-строительной  машины 6 разряда;1
машинист насосных установок 6 разряда;1
машинист экскаватора 6 разряда транспортной службы;1
машинист крана автомобильного 6 разряда;1
машинист экскаватора v разряда;1
машинист компрессорных установок 5 разряда;1
комбайнер;1
машинист погрузчика;1
машинист конвейера;1
машинист котлов;1
машинист резиносмесителя;1
машинист тракторист;1
машинист-регулировщик;1
машинист автогрейдера;1
машинист крана автомобильного (категория с);1
машинист компрессорной установки;1
машинист рубительной машины;1
машинист по стирке белья;1
машинист автомобильного крана;1
машинист буровой установки;1
машинист семяочистительных машин;1
мерчендайзер грузчик;1
мерчендайзер-грузчик в магазин;1
грузчик-мерчендайзер (зональный);1
грузчик-мерчендайзер (центр);1
мерчендайзер-грузчик (ул. мелиоративная);1
мерчендайзер-грузчик (ул. ленина);1
мерчендайзер-грузчик (рп. романовка);1
мерчендайзер-грузчик в магазин (ул маяковского);1
мерчендайзер-грузчик в магазин (ул. советская);1
мерчендайзер-грузчик в магазин (ул. верхняя);1
мерчендайзер-грузчик в магазин (ул тельмана);1
мерчендайзер-грузчик в магазин (ул. комарова);1
мерчендайзер-грузчик в магазин (ул саратовская);1
мерчендайзер-грузчик в магазин (ул политехническая);1
мерчендайзер грузчик (ул. марины расковой);1
мерчендайзер-грузчик в магазин (ул. кожевенная);1
мерчендайзер-грузчик (ул. железнодорожная);1
мерчендайзер-грузчик (бульвар роз);1
мерчендайзер-грузчик (тц квадро);1
мерчендайзер-грузчик (тц рокот);1
грузчик-мерчендайзер (ул. симбирцева);1
грузчик-мерчендайзер (тц рокот);1
грузчик-мерчендайзер (рынок арига);1
грузчик-мерчендайзер (бульвар роз);1
грузчик-мерчендайзер (базарный карабулак);1
грузчик-мерчендайзер (старый рынок);1
грузчик-мерчендайзер (тц центр);1
мерчендайзер-грузчик в магазин (ул. усть-курдюмская);1
мерчендайзер-грузчик в магазин (ул петра столыпина);1
мерчендайзер-грузчик в магазин (пр-т энтузиастов);1
мерчендайзер-грузчик в магазин (пр-т ленина);1
мерчендайзер-грузчик в магазин (ул им симбирцева н. в);1
мерчендайзер грузчик в магазин (ул. карла маркса);1
мерчендайзер-грузчик в магазин (ул. бахметьевская);1
мерчендайзер-грузчик (ул. мелиоративная, 49а);1
грузчик-мерчендайзер (октябрьский р-н);1
грузчик-мерчендайзер (пр-т строителей);1
грузчик-мерчендайзер (2-й мкрн);1
грузчик-мерчендайзер (фрунзенский р-н);1
разнорабочий, грузчик;1
грузчик-наборщик;1
грузчик на мельницу;1
грузчик-кладовщик;1
грузчик сырья;1
мерчендайзер-грузчик (ул. железнодорожная, 54/2);1
грузчик-мерчендайзер (ул. бахметьевская, д. 49а);1
грузчик-мерчендайзер (ул. московская, д. 105);1
грузчик-мерчендайзер (ул. полтавская, д. 42г);1
грузчик-мерчендайзер (ул. мелиоративная, д. 49а);1
грузчик-мерчендайзер (ул. симбирцева, 26/30);1
мойщик-уборщик подвижного состава;1
уборщик служебных заведений;1
рабочий по комплексной уборке в жилищной сфере;1
уборщик помещений;1
уборщик территории*;1
уборщик улиц;1
уборщик территорий (улиц);1
уборщик лестничных клеток;1
бармен / официант / бариста;1
официант 4 разряда;1
старший продавец;1
помощник повара;1
повар 5 разряда;1
повар-кассир кафе;1
повар (пекарь);1
повар - кассир;1
шеф-повар;1
повар горячего цеха;1
повар холодного цеха;1
повар-универсал в гипермаркет (энгельс, лесозаводская, 62);1
повар-универсал в гипермаркет (энгельс, колотилова, 86);1
повар-универсал в гипермаркет (саратов, им. чернышевского н.г., 56а);1
повар-универсал в гипермаркет (саратов, им тархова с.ф., 48);1
охранник-водитель мобильной группы;1
охранник в г. саратов (итв-09);1
контролер-охранник;1
контролер (охранник);1
стрелок;1
сторож ремонтно-эксплуатационного участка № 2;1
кладовщик-экспедитор;1
кладовщик тмц/тзп;1
помощник кладовщика;1
кладовщик на склад;1
кладовщик (тц триумф молл);1
кладовщик склада шинной продукции;1
кладовщик склада инкубационного яйца;1
приемщик сырья, полуфабрикатов и готовой продукции;1
работник склада;1
руководитель склада;1
оператор в сектор приемки гипермаркет (саратов, им рахова в.г., 26/40);1
оператор в сектор приемки гипермаркет (балаково, саратовское шоссе, 58);1
комплектовщик (склад готовых деталей);1
комплектовщик материалов, кроя и изделий;1
комплектовщик деталей;1
комплектовщик / сборщик заказов;1
приемщик-комплектовщик металлоконструкций;1
сборщик заказов в гипермаркет (энгельс, колотилова, 86);1
укладчик изделий;1
съемщик-укладчик 4 разряда;1
съемщик-укладчик 3 разряда;1
транспортировщик;1
съемщик-укладчик в производстве стеновых и вяжущих материалов 2 разряда (браковщик-подгонщик);1
упаковщик-фасовщик;1
фасовщик 3 разряда;1
старший продавец отдела овощи/фрукты в гипермаркет (саратов, им академика о.к.антонова, 14б);1
старший продавец отдела овощи/фрукты в гипермаркет (балаково, набережная леонова, 53);1
старший продавец отдела овощи/фрукты в гипермаркет (балаково, саратовское шоссе, 58);1
администратор в магазин;1
администратор студии красоты;1
администратор магазина (с. балтай);1
товаровед администратор;1
секретарь - администратор;1
администратор в магазин (ул. барнаульская);1
администратор в магазин (ул. тулайкова);1
администратор в магазин (ул. ленина);1
администратор в магазин (ул. маяковского);1
администратор в магазин (ул. тельмана);1
администратор в магазин (ул. политехническая);1
администратор в магазин (ул. азина);1
администратор в магазин (ул. тархова);1
администратор в магазин (ул. симбирцева);1
администратор в магазин (ул московская);1
администратор в магазин (ул полтавская);1
администратор магазина (бульвар роз);1
администратор магазина (ул. азина);1
администратор магазина (пинеровка, пинеровка, калинина, 1);1
администратор магазина (соколовый, соколовый, песчано-уметская, 7б);1
администратор магазина (ул.им.симбирцева, 26/30);1
администратор магазина (екатериновка);1
администратор магазина (маркс);1
администратор магазина (аткарск);1
администратор магазина (ершов);1
агент по организации перевозок;1
специалист по недвижимости;1
мастер-пекарь;1
экспедитор;1
водитель-экспедитор категории с;1
водитель-экспедитор международная доставка;1
водитель-экспедитор/;1
помощник водителя-экспедитора;1
водитель-экспедитор категории в;1
водитель-экспедитор состава транспортных средств с тягачом;1
начальник отдела (железнодорожного цеха);1
водитель категории е международная доставка;1
диспетчер пдс;1
диспетчер пульта централизованного наблюдения;1
начальник смены пдс (диспетчер по центровке и загрузке вс);1
диспетчер по управлению движением воздушного транспорта;1
диспетчер служба противопожарного и аварийно-спасательного обеспечения полётов;1
диспетчер участка;1
инженер-диспетчер;1
диспетчер образовательной организации;1
диспетчер железнодорожного цеха;1
диспетчер сектора вторсырья;1
дежурный оперативный;1
старший диспетчер оперативно-диспетчерской службы;1
сменный мастер;1
диспетчер предварительной записи/ассистент сервиса geely;1
составитель поездов;1
водитель транспортно-уборочной машины;1
медицинская сестра отдела сопровождения производства транспортного цеха;1
оператор по обработке поездной информации и перевозочных документов;1
водитель на тягач с прицепом трал;1
водитель грузового автомобиля (категория с, е);1
секретарь-референт;1
пресс-секретарь;1
секретарь машинистка;1
секретарь руководителя (делопроизводитель;1
консультант, секретарь административной комиссии;1
главный специалист правового отдела;1
исполнительный секретарь красноармейского местного отделения партии;1
исполнительный секретарь гагаринского местного отделения партии;1
исполнительный секретарь базарно-карабулакского местного отделения партии;1
главный специалист отдела по организации и обеспечению деятельности комиссий по делам несовершеннолетних и защите их прав;1
секретарь судебного заседания судебного участка №3 октябрьского района г.саратова;1
секретарь судебного заседания судебного участка № 9 ленинского района г.саратова;1
секретарь судебного заседания судебного участка № 2 марксовского района саратовской области;1
секретарь судебного заседания судебного участка № 10 г. энгельса саратовской области;1
секретарь судебного заседания судебного участка № 1 перелюбского района саратовской области;1
секретарь судебного заседания судебного участка № 2 фрунзенского района г. саратова;1
секретарь  судебного заседания судебного участка № 4 кировского района г. саратова;1
секретарь судебного заседания судебного участка № 1 краснокутского района саратовской области;1
секретарь судебного заседания судебного участка № 3 волжского района г. саратова;1
секретарь судебного заседания судебного участка № 2 красноармейского района саратовской области;1
секретарь судебного заседания судебного участка мирового судьи г. балаково саратовской области;1
секретарь судебного заседания судебного участка № 2 мирового судьи заводского района г.саратова;1
секретарь судебного заседания судебного участка № 2 гагаринского административного района саратовской области;1
секретарь судебного заседания судебного участка мирового судьи татищевского района саратовской области;1
главный специалист отдела  го и чс;1
делопроизводитель управления по организационной и кадровой работе;1
делопроизводитель управления экономики и муниципального заказа администрации турковского муниципального района;1
мерчендайзер (ул. усть-курдюмская);1
мерчендайзер (ул. тархова с. ф);1
мерчендайзер-грузчик (ул. карла маркса, 26);1
мерчендайзер-грузчик (ул. симбирцева, д. 26/30);1
грузчик-мерчендайзер (ул. политехническая, д. 65/1);1
грузчик-мерчендайзер (ул. степная, д. 94/1);1
грузчик-мерчендайзер (ул. симбирцева, д. 26/30);1
мерчандайзер;1
продавец-кассир в магазин (ул. соколовая);1
продавец-кассир в магазин (ул кожевенная);1
продавец кассир в магазин (ул. лисина);1
продавец кассир в магазин (ул. высокая);1
продавец кассир в магазин (ул. огородная);1
продавец-кассир в магазин (ул. вавилова);1
продавец кассир в магазин (пр-т строителей);1
продавец кассир в магазин (ул. посадского);1
продавец кассир в магазин (ул. верхняя);1
продавец кассир в магазин (ул. барнаульская);1
продавец кассир в магазин (ул. тархова);1
продавец кассир в магазин (ул астраханская);1
продавец кассир в магазин (ул. большая горная);1
продавец кассир в магазин (ул. благодарова);1
продавец-кассир в магазин (ул. лисина);1
продавец кассир в магазин (ул лебедева-кумача);1
продавец-кассир в магазин (ул. усть-курдюмская);1
продавец кассир в магазин (ул. им симбирцева в. н);1
торговый представитель/;1
продавец торгового зала;1
торговый представитель (территория саратов, лысые горы, красный текстильщик);1
начальник отделения (на транспорте,в связи, материально-техническом снабжении и сбыте);1
начальник отделения почтовой связи;1
сотрудник торгового зала в гипермаркет (вольск, комсомольская, 200);1
работник торгового зала в гипермаркет (вольск, комсомольская, 200);1
работник торгового зала в гипермаркет (энгельс, колотилова, 86);1
работник торгового зала в гипермаркет (энгельс, лесозаводская, 62);1
работник торгового зала в гипермаркет (пугачев, ермощенко, 154а);1
работник торгового зала в гипермаркет (саратов, им тархова с.ф., 48);1
работник торгового зала в гипермаркет (красноармейск, 1 мая, 3);1
специалист по техническому учету;1
специалист по неавиационному маркетингу;1
специалист по авиационному маркетингу;1
старший специалист по закупкам;1
ведущий специалист отдела охраны труда и промышленной безопасности;1
врач-терапевт участковый орлов-гайской врачебной амбулатории;1
врач-специалист;1
специалист по bim-проектированию;1
главный специалист по мобилизационной подготовке;1
риэлтор / специалист по недвижимости;1
специалист клиентского сервиса;1
главный специалист по землеустройству;1
специалист по работе с клиентами мтс;1
специалист по табельному учету;1
медицинская сестра по медицинской реабилитации;1
специалист по защите информации;1
старший специалист;1
специалист по снабжению;1
директор;1
директор магазина-партнёр (шумейка, шумейка, степная);1
директор магазина-партнёр (шумейка, шумейка, зеленая, 29);1
технический директор;1
заместитель директор (заведующий) интерната;1
директор (заведующий) филиала;1
директор (начальник) котельной;1
директор общеобразовательного учреждения;1
директор (заведующий) клуба;1
заместитель директора по производству;1
директор (заведующий) внешкольного учреждения;1
заместитель директора по медицинской части;1
заместитель директора по лечебной части;1
директор магазина (саратов, огородная, 18);1
директор магазина (балаково, строительная, 18);1
директор магазина (саратов, политехническая, 124);1
директор магазина (аткарск, талалихина, 4);1
директор м.косметик (саратов, советская, 13);1
директор магазина (саратов, беговая, 12в);1
директор магазина (новоузенск, московская, 46);1
директор магазина (балаково, менделеева, 16);1
директор магазина (балаково, трнавская, 1);1
директор магазина (балаково, ленина, 124);1
директор магазина (саратов, танкистов, 100г);1
директор магазина (саратов, энтузиастов, 60);1
директор магазина (балаково, шевченко, 85а);1
"помощник руководителя отдела организационного и документационного обеспечения;";1
директор магазина (саратов, усть-курдюмская, 17);1
директор магазина (ершов, улица чапаева, 12);1
директор м.косметик (балаково, ленина, 112а/1);1
директор магазина (саратов, им батавина п.ф., 12);1
директор магазина (саратов, барнаульская, 22/30а);1
директор магазина (саратов, усть-курдюмская, 11);1
директор магазина (балаково, волжская улица, 35а);1
директор магазина (петровск, улица куйбышева, 1г);1
директор магазина (балаково, проспект героев, 34);1
директор магазина (балаково, степная, 94/1);1
директор магазина (балаково, степная, 84/1);1
директор магазина (саратов, дубки, центральная, 5);1
директор магазина (саратов, им азина в.м., 19);1
директор (заведующий) библиотеки (централизованной библиотечной системы);1
руководитель лчс;1
руководитель;1
помощник руководителя;1
полицейский-водитель;1
руководитель кружка (вокального);1
руководитель кружка (театрального);1
руководитель отдела снабжения;1
заместитель главы администрации района по социальной сфере, руководитель аппарата;1
заведующий учебно-производственной мастерской;1
начальник квартирно-эксплуатационной службы;1
руководитель группы по направлению го чс;1
руководитель отдела спортивно-массовой работы;1
заместитель начальника подразделения;1
руководитель группы по ремонту электрических сетей и электрооборудования;1
начальник / руководитель отдела/бюро/группы/сектора по персоналу;1
руководитель кружка 1 категории (дирижер духового оркестра);1
врач-статистик;1
заведующий октябрьским сдк;1
руководитель сектора торгового зала в гипермаркет (балашов, энтузиастов, 1);1
полицейский ппс;1
оператор электронно-вычислительных и вычислительных машин;1
командир ппс;1
электроэрозионист;1
техник группы по ремонту и эксплуатации досмотрового оборудования;1
инженер-механик в области механизации сельского хозяйства;1
стажер в отдел продаж;1
помощник дежурного технического руководителя-координатор пуско-наладочных работ (республика бангладеш аэс 'руппур');1
подсобный рабочий/;1
начальник отдела управления персоналом;1
заведующий фап или медпункта;1
заведующий ветеринарной клиникой (лечебницей, поликлиникой);1
врач-специалист - заведующий (начальник) структурного подразделения (отдела, отделения, лаборатории, кабинета, отряда и другое) медицинской организации;1
заведующий организационно-методическим отделом - врач-методист;1
заведующий прачечной;1
заведующий зернокомплексом;1
заведующий филиалом;1
заведующий клубом;1
заведующий аптекой;1
заведующий архивом;1
заведующий библиотекой;1
заведующий хирургическим отделением / врач-хирург;1
заведующий организационно-методическим отделом-врач-методист;1
начальник (заведующий) гаража;1
заместитель заведующего доу;1
заведующий неврологическим отделением;1
заведующий филиала сдк;1
заведующий ветеринарной лабораторией;1
заведующий механизированным током;1
заведующий детским садом;1
заведующий по-врач-терапевт;1
заведующий ветеринарной лечебницей;1
заведующий фап-акушерка;1
заведующий сектором контроля;1
заведующий общепсихиатрическим отделением;1
заместитель заведующего по ахр;1
заведующий биологической лабораторией;1
заведующий хирургическим отделением;1
заведующий организационно-методическим отделением;1
заведующий сектором по го и чс;1
заведующий отделом - врач-эпидемиолог;1
заведующий складом технического имущества;1
заведующий складом горючего (автомобильного);1
заведующий по 2-врач-терапевт;1
заведующий детским по-врач-педиатр;1
заведующий поликлиникой-врач-терапевт;1
заведующий кабинетом транспортной службы;1
заведующий отделением - врач - хирург;1
заведующий фап-фельдшер с. пристанное;1
заведующий фап-медицинская сестра;1
программист отдела автоматизации и технического обслуживания;1
ведущий программист;1
ведущий инженер-программист 1 с;1
инженер программист станков с чпу;1
инженер-программист встраиваемых систем;1
инженер-программист станков с чпу 1 категории;1
инженер-программист 1 категории отдела систем управления;1
инженер-конструктор по оснастке;1
инженер-конструктор в бюро надежности;1
инженер-конструктор (конструкторские отделы);1
начальник отдела-главный конструктор отдела электромеханизмов;1
инженер-конструктор 1 категории конструкторского отдела;1
ведущий специалист группа материально-технического обеспечения;1
инженер-конструктор (прочностный расчет) участка сейсмической безопасности реакторного цеха (усб рц);1
начальник саб;1
начальник смены ас;1
начальник режимного отдела и штаба гоичс;1
начальник оитис;1
начальник аварийно-спасательного обеспечения;1
начальник авиационной сервисной платформы;1
начальник узла этоп;1
начальник узла стоп;1
начальник мку;1
начальник службы противопожарного и аварийно-спасательного обеспечения полётов;1
начальник участка (в прочих отраслях);1
начальник лаборатории измерений радиотехнических величин отдела главного метролога;1
начальник ремонтного производства;1
заместитель начальника коммерческой службы;1
заместитель начальника отдела эксплуатации;1
заместитель начальника района сетей;1
начальник службы по эксплуатации и монтажу оборудования и электрических сетей 0,4 кв;1
начальник транспортного отдела;1
начальник смены пищевое производство;1
начальник отдела социального обслуживания;1
начальник управления;1
начальник партии;1
начальник кип и а;1
начальник сто;1
начальник профилактория;1
начальник гаража;1
начальник ок;1
начальник команды;1
начальник еддс;1
заместитель начальника службы технического развития;1
заместитель начальника отдела прогнозирования потребности и мониторинга лекарственного обеспечения;1
заместитель начальника единой дежурной диспетчерской службы;1
заместитель начальника службы;1
заместитель начальника рсо;1
начальник управления (в промышленности);1
начальник асфальтобетонного завода;1
заместитель начальника отдела;1
начальник теплового хозяйства;1
начальник отдела образования;1
начальник очистной станции;1
начальник финансового управления;1
заместитель начальника производства;1
начальник пожарной команды;1
начальник участка сантехников;1
начальник коммерческого отдела;1
начальник отдела (в промышленности);1
начальник отдела (в строительстве);1
заместитель начальника участка;1
заместитель начальника отделения;1
начальник технического отдела;1
начальник отделения ахо;1
аналитик;1
аналитик 1 с;1
бизнес-аналитик ит;1
аналитик отдела мониторинга исполнения областного бюджета;1
интернет-маркетолог;1
главный финансовый советник;1
инженер-разработчик электронных систем;1
разработчик etl;1
дизайнер по рекламе;1
мастер производственного обучения в сфере образования;1
мастер загодымозащитной службы;1
старший мастер службы наружных газопроводов;1
мастер на производство;1
ученик мастера строительно-монтажных работ;1
сменный мастер на элеватор;1
мастер участка изготовления металлоконструкций;1
старший мастер службы эксплуатации пунктов редуцирования газа;1
мастер службы наружных газопроводов;1
мастер сетевого участка района сетей;1
мастер службы;1
мастер металлоконструкций;1
мастер отделочник;1
мастер кнс;1
мастер-приемщик;1
мастер-пожарный;1
мастер смр;1
дорожный мастер;1
мастер котельной паровой;1
мастер газодымозащитной службы;1
мастер по ремонту кипиа;1
сменный мастер (производство);1
мастер электротехнической лаборатории;1
мастер участка производства;1
мастер механической мастерской;1
мастер ногтевого сервиса;1
мастер тяговой подстанции;1
мастер электромонтажных работ;1
мастер обработки зерна;1
главный инженер (в промышленности);1
мастер контрольный (участка, цеха);1
мастер производственного обучения вождению;1
мастер по ремонту энергетического оборудования;1
мастер участка производства бетона;1
мастер строительных и монтажных работ;1
мастер электромонтажников электромонтажного цеха;1
мастер по ремонту и обслуживанию электрооборудования;1
мастер службы организации похорон;1
мастер по ремонту технологического оборудования;1
мастер службы асу тп;1
технолог по производству пива и напитков;1
инженер-технолог/технолог пищевого производства;1
технолог (сменный);1
главный технолог (в промышленности);1
консультант отдела информационных технологий;1
инженер-технолог (по механообработке);1
технолог на линию экструзии;1
заместитель начальника отдела информационных технологий;1
инженер-технолог водопроводного хозяйства;1
техник-технолог 2 категории;1
технолог производства печенья и кондитерских изделий;1
преподаватель информационных технологий;1
технолог стекольного производства;1
инженер-технолог огт;1
инженер по технологии (республика бангладеш аэс 'руппур');1
инженер-технолог в металлургическом производстве;1
начальник отдела информационных  технологий;1
специалист по безопасности информационных технологий;1
инженер-технолог в механический цех;1
технолог технологического отдела цднг;1
заместитель главного технолога по механическому производству;1
начальник участка капитального строительства;1
ведущий инженер-технолог по работе со станками чпу;1
инженер по геоинформационным системам  отдела информационных технологий;1
лифтер;1
оператор автоматической линии покраски;1
грузчик склада материалов;1
начальник отдела информационных систем управления информационных технологий;1
начальник отдела администрирования баз данных;1
начальник отдела технического обеспечения учебного процесса управления информационных технологий;1
геофизик;1
специалист направления специальной связи группы информационных технологий, связи и защиты информации;1
помощник оперативного дежурного -оператор 112;1
резчик металла на пилах, ножовках и станках;1
ведущий инженер по проектно-сметной работе;1
аппаратчик установки опытного производства 6 разряда;1
инженер-электроник 1 категории;1
слесарь-ремонтник 6 разряда;1
дояр;1
режиссер видеомонтажа;1
начальник группы (бюро), лаборатории в составе конструкторского, технологического, исследовательского, расчетного, экспериментального и других основных отделов;1
ученик швеи;1
швея;1
гальваник;1
инженер-металловед;1
прессовщик изделий из древесины (меламина);1
аппаратчик пастеризации и охлаждения молока;1
главный операционист (ершов);1
операционист (хвалынск);1
врач-психиатр детский;1
парикмахер;1
методист по учебным дисциплинам;1
начальник отдела (специализированного в прочих отраслях);1
преподаватель химии;1
преподаватель по поварскому делу;1
преподаватель электрических дисциплин и автоматики;1
преподаватель по классу скрипки;1
преподаватель анатомии;1
преподаватель физкультуры;1
преподаватель хирургии;1
преподаватель фармации;1
преподаватель по хореографии;1
преподаватель по кипиа;1
преподаватель хореографии;1
преподаватель гитары;1
преподаватель теоретических  дисциплин;1
преподаватель сестринского дела;1
преподаватель лечебного дела;1
тренер - преподаватель по спорту;1
преподаватель металлургических дисциплин;1
преподаватель экономических дисциплин;1
преподаватель изобразительного искусства;1
преподаватель теоретических дисциплин;1
преподаватель теоретических дисциплин - музыковед;1
преподаватель музыкально-теоретических дисциплин;1
преподаватель иностранного языка (английский);1
преподаватель (в системе специального образования);1
специалист химико-токсикологического отдела саратовской испытательной лаборатории;1
концертмейстер (фортепиано);1
лаборант химического анализа 4 разряда;1
лаборант ветеринарной лаборатории;1
техник-лаборант;1
лаборант-микробиолог;1
агрохимик;1
лаборант спектрального анализа;1
лаборант группы газообеспечения;1
лаборант-металлограф, 5 разряда;1
лаборант химического анализа, 5 разряда;1
лаборант химического анализа санитарной  лаборатории;1
врач спортивной медицины;1
библиотекарь 1 категории;1
ведущий библиотекарь;1
специалист в области библиотечно-информационной деятельности;1
инженер участка химико-технологических систем  и оборудования химического цеха (ухтсо хц);1
инженер участка химико-технологических систем и оборудования химического цеха (ухтсо хц) квота;1
рабочий по обслуживанию и текущему ремонту зданий;1
техник-эколог;1
специалист по экологии 1 категории;1
оператор микросварки;1
специалист по охране труда 2 категории отдела промышленной безопасности, охраны труда и экологии;1
биолог баклаборатории;1
биолог кдл;1
биолог/врач-бактериолог;1
научный сотрудник (в области биологии);1
главный агроном;1
главный зоотехник;1
зоотехник по кормам;1
зоотехник-селекционер;1
ведущий специалист отдела предоставления мер социальной поддержки и реализации системы долгосрочного ухода;1
главный специалист отдела предоставления мер  социальной поддержки и реализации системы долгосрочного ухода;1
ведущий специалист отдела организации социальных выплат и назначения субсидий на оплату жку;1
заведующий отделением медико-социальной помощи;1
специалист по социальной работе село кряжим 0,5 ст.;1
специалист по социальной работе (село междуречье 0,5 ставки);1
специалист по социальной работе (село черкасское 0,5 ст.);1
специалист по социальной работе (село белогорное 0.5 ставки);1
специалист по социальной работе (село талалихино 0,5 ст.);1
специалист по социальной работе (село покровка 0,5 ставки);1
специалист по социальной работе (село широкий  буерак 0,5 ст.);1
заместитель главы администрации по социальной сфере;1
главный специалист отдела предоставления мер социальной поддержки;1
ведущий специалист отдела назначения детских пособий, компенсаций и других социальных выплат;1
помощник по уходу;1
заведующий отделения профилактики безнадзорности несовершеннолетних, реабилитации детей и подростков с ограниченными физическими и умственными возможностями;1
санитар ветеринарный;1
комбайнер-механизатор;1
животновод/скотник;1
водитель электропогрузчика;1
главный инженер (в сельском, охотничьем, лесном и рыбном хозяйстве);1
тракторист (лтз-60 со сварочным аппаратом сат-400-01);1
слесарь по ремонту автомобиля;1
разнорабочий столовой;1
разнорабочие;1
монтажник;1
монтажник радиоэлектронной аппаратуры и приборов 5 разряда;1
монтажник металлоконструкций;1
монтажник-вакуумщик;1
монтажник металлоконструкций (стажер);1
ученик монтажника металлоконструкций;1
наладчик - монтажник испытательного оборудования;1
монтажник технологических трубопроводов 4 разряда, проект птк 'горный', пос. михайловский;1
монтажник по монтажу стальных и железобетонных конструкций 4-6 разряда, проект птк 'горный', п. михайловский;1
ученик каменщика-огнеупорщика;1
каменщик 4 разряда строительного цеха;1
строитель на элеватор;1
администратор магазина (саратов, строителей, 2а);1
старший продавец (саратов, строителей, 84а);1
продавец в зону готовой еды (саратов, строителей, 84а);1
продавец в зону готовой еды (саратов, строителей, 2а);1
арматурщик;1
формовщик железобетонных изделий и конструкций;1
плотник 4 разряда;1
монолитчик-бетонщик;1
столяр (и) (м);1
столяр строительный;1
маляр 4 разряда механической мастерской;1
маляр бригады текущего ремонта отдела эксплуатации управления эксплуатации имущественного комплекса;1
штукатур 4 разряда строительного цеха;1
аэродромный рабочий;1
рабочий по благоустройству и озеленению;1
рабочий узла электротехнического обеспечения полетов;1
рабочий по комплексному обслуживанию зданий;1
рабочий по комплексному обслуживанию зданий и сооружений;1
рабочий завода;1
рабочий кухни;1
рабочий парка;1
приемщик-сдатчик пищевой продукции;1
подсобный рабочий хозяйственного отдела;1
подсобный рабочий (в пищеблок);1
подсобный рабочий (м);1
подсобный рабочий (квота);1
подсобный рабочий на пищеблок;1
подсобный рабочий по кухне;1
подсобный рабочий участка №1;1
слесарь механосборочных работ (мср);1
оператор свиноводческих комплексов и механизированных ферм;1
облицовщик-плиточник;1
облицовщик-плиточник 4 разряда отдела капитального строительства;1
облицовщик - плиточник;1
плиточник-облицовщик бригады текущего ремонта отдела эксплуатации управления эксплуатации имущественного комплекса;1
кровельщик по стальным кровлям;1
кровельщик 4 разряда строительного цеха;1
сантехник;1
работник по комплексному обслуживанию зданий;1
слесарь-сантехник 3 разряда;1
слесарь-сантехник 5 разряда хозяйственного отдела;1
слесарь сантехник 4 разряда хозяйственного отдела;1
рабочий по обслуживанию зданий;1
слесарь-сантехник  инженерно-строительного отдела управления строительства и ремонта;1
наладчик холодно-штамповочного оборудования;1
наладчик контрольно-измерительных приборов и автоматики 5 разряда отдел метрологии;1
наладчик токарных станков с чпу;1
слесарь-наладчик;1
наладчик станка с чпу;1
наладчик автоматов и полуавтоматов;1
наладчик технологического оборудования;1
наладчик автоматических линий;1
оператор / наладчик станка с чпу;1
наладчик сварочного и газоплазморезательного оборудования;1
слесарь-наладчик технологического оборудования;1
наладчик станков и манипуляторов с пу;1
инженер-электроник (наладчик кипиа);1
наладчик контрольно-измерительных приборов и автоматики;1
наладчик станков и манипуляторов с программным управлением;1
наладчик контрольно-измерительных приборов и автоматики 5 разряда;1
аппаратчик воздухоразделения;1
аппаратчик фильтрации;1
аппаратчик синтеза;1
аппаратчик производственного цеха;1
аппаратчик мукомольного производства;1
сливщик-разливщик;1
аппаратчик окисления, 5 разряд;1
аппаратчик нейтрализации, 5 разряд;1
аппаратчик окисления (старший), 6 разряд;1
аппаратчик очистки газа (старший), 6 разряд;1
аппаратчик подготовки сырья и отпуска полуфабрикатов и продукции;1
аппаратчик производства контактной серной кислоты, 5 разряд;1
аппаратчик подготовки сырья и отпуска полуфабрикатов и продукции, 5 разряд;1
энергетик;1
главный энергетик;1
техник-энергетик;1
специалист отдела раскрытия информации;1
главный инженер по контрольно-измерительным приборам и автоматике;1
техник-энергетик 2 категории района сетей;1
волочильщик проволоки;1
инженер участка технологического диагностирования цеха диагностики (утд цд) квота;1
курьер;1
почтальон с. идолга;1
почтальон-промоутер;1
санитарка профилактория;1
санитарка неврологического отделения;1
санитарка инфекционного отделения;1
санитарка (для работы в буфете);1
санитарка клинико-диагностической лаборатории;1
санитарка приемного отделения ожогвого центра;1
операционная медицинская сестра;1
медицинская сестра процедурной детского процедурного кабинета;1
рентгенолаборант;1
ведущий методист;1
методист по экологическому просвещению;1
методист по патриотическому воспитанию;1
методист по составлению кинопрограмм;1
методист отдела развития образования;1
методист отдела по организационной работе;1
инструктор-методист по физической культуре и спорту;1
начальник отдела по работе в системе обязательного медицинского страхования-врач-методист;1
инструктор по спорту;1
инспектор по досмотру;1
старший инспектор по досмотру;1
инспектор по производству трубной продукции;1
младший инспектор;1
государственный инспектор;1
инспектор уфиц, старший  инспектор уфиц;1
инспектор отдела охраны;1
инспектор - кинолог кинологической группы;1
инспектор отдела режима и надзора;1
младший инспектор отдела охраны;1
младший инспектор отдела режима и охраны;1
инспектор по пожарной безопасности отдела от и пб;1
старший инспектор отделения по вопросам миграции;1
государственный инспектор безопасности дорожного движения;1
инспектор группы по защите государственной тайны;1
младший инспектор отдела режима и надзора;1
инспектор службы транспорта электрической энергии;1
старший инспектор отдела абонентского обслуживания потребителей;1
инспектор отдела абонентского обслуживания потребителей урп;1
мастер леса (участковый государственный инспектор по охране леса);1
инспектор дорожно-патрульной службы государственной инспекции безопасности дорожного движения;1
старший инспектор дорожно-патрульной службы государственной инспекции безопасности дорожного движения;1
инспектор (дорожно-патрульной службы) отделения дорожно-патрульной службы государственной инспекции безопасности дорожного движения;1
калькулятор;1
юрисконсульт ii категории;1
электрогазосварщик*;1
электрогазосварщик,занятый на резке и ручной сварке;1
электрогазосварщик, 5 разряд;1
электрогазосварщик 5 разряда службы наружных газопроводов;1
электрогазосварщик 5 разряда строительно-монтажного участка;1
электрогазосварщик 4 разряда механической мастерской;1
электрогазосварщик 4 разряда электромонтажного цеха;1
электрогазосварщик 5 разряда автотранспортного цеха;1
электрогазосварщик линейно-эксплуатационной службе пугачевского лпумг;1
газосварщик;1
газосварщик 5 разряда строительно-монтажного участка;1
аккумуляторщик 4 разряда;1
машинист-обходчик по турбинному оборудованию;1
электромеханик связи;1
электромеханик по ремонту и обслуживанию медицинского оборудования;1
электромеханик 1 к;1
электромеханик по лифтам;1
электромеханик по испытанию и ремонту электрооборудования;1
электромеханик по средствам автоматики и приборам технологического оборудования;1
электромонтажник;1
слесарь электромонтажник;1
электромонтер по обслуживанию электрооборудования электростанций;1
электромонтажник по ремонту домовых систем;1
электромонтажник по кабельным сетям и распределительным устройствам 4 разряда механической мастерской;1
электромонтажник по кабельным сетям и распределительным сетям и распределительным устройствам 3 разряда электромонтажного цеха;1
продавец-кассир (тц дружба);1
продавец-кассир (бц ковчег);1
продавец-кассир (ост. кирпичный завод);1
продавец-кассир (бульвар роз);1
администратор в магазин магнит (энгельс, полиграфическая, 77);1
продавец-кассир (ул. лисина);1
администратор в магазин магнит (саратов, шелковичная, 165);1
продавец-кассир (ул. симбирцева, 26/30);1
продавец кассир в магазин;1
продавец-кассир (энгельс);1
продавец (фрунзенский р-н);1
продавец-кассир (ул. тельмана, д. 150/3);1
продавец-кассир на бульвар роз;1
администратор магазина (саратов, им академика навашина с.г., 16);1
администратор магазина (балаково, 20 лет влксм, 56/1);1
администратор магазина (саратов, славянская, 2);1
администратор магазина (саратов, огородная, 225в);1
администратор магазина (саратов, им лебедева-кумача в.и., 70г);1
администратор магазина (саратов, политехническая, 124);1
администратор магазина (балаково, трнавская, 63б);1
администратор магазина (мокроус, победы, 37);1
администратор магазина (новоузенск, московская, 46);1
администратор магазина (саратов, аткарская, 42/54);1
администратор магазина (саратов, ульяновская, 17);1
администратор магазина (елшанка, школьная, 31в);1
администратор магазина (балаково, саратовское шоссе, 69/10);1
администратор магазина (энгельс, степная, 55);1
литейщик пластмасс;1
шлифовщик по дереву;1
шлифовщик-универсал;1
намотчик катушек;1
намотчик спиралей и сеток;1
контролер технического состояния автотранспортных средств 5 разряда;1
контролер качества;1
техник-контролер;1
контролер-упаковщик;1
контролер (охрана);1
контролер пищевой продукции;1
контролер сварочных работ;1
контролер электромонтажных работ;1
контролер по режиму и безопасности;1
контролер-кассир (г.саратов);1
контролер качества выпускаемой продукции;1
контролер-кассир (татищевский район);1
контролёр станочных и слесарных работ;1
контролер качества продукции и технологического процесса;1
контролер отдела технического контроля (м);1
контролер входного контроля сырья и материалов;1
контролер газового хозяйства (дергачевский район);1
контролер материалов, металлов, полуфабрикатов и изделий;1
контролер группы по работе с физическими лицами;1
контролер измерительных приборов и специального инструмента;1
контролер газового хозяйства 3 разряда (романовский район);1
контролер газового хозяйства 3 разряда (воскресенский район);1
контролер газового хозяйства 3 разряда (балаковский район);1
контролер газового хозяйства 3 разяда (базарнокарабулакский район);1
контролер газового хозяйства 3 разряда (пугачевский район);1
контролер газового хозяйства 3 разряда (вольский район);1
контролер газового хозяйства 3 разряда (балашовский район);1
контролер газового хозяйства 3 разряда (новоузенский район);1
контролер газового хозяйства 3 разряда (перелюбский район);1
контролер газового хозяйства 3 разряда (энгельсский район);1
контролер газового хозяйства 3 разряда (балтайский район);1
контролер газового хозяйства 3 разряда (ртищевский район);1
контролер газового хозяйства 3 разряда (калининский район);1
контролер газового хозяйства 3 разряда (красноармейский район);1
контролер газового хозяйства 3 разряда (турковский район);1
контролер газового хозяйства 3 разряда (краснокутский район);1
контролер газового хозяйства 3 разряда отделения  по г.саратову;1
контролер газового хозяйства 3 разряда (татищевский район);1
контролер газового хозяйства 3 разряда абонентского участка по самойловскому району;1
контролер газового хозяйства 3 разряда абонентского участка по краснопартизанскому району;1
контролер газового хозяйства 3 разряда абонентского участка по ивантеевскому району;1
сборщик окон пвх;1
сборщик мебели;1
слесарь-сборщик металлоконструкций;1
сборщик корпусной мебели;1
сборщик резиновых технических изделий;1
слесарь-сборщик авиационных приборов;1
слесарь - сборщик радиоэлектронной аппаратуры и приборов;1
слесарь-сборщик радиоэлектронной аппаратуры и приборов;1
сборщик изделий мебели из древесных материалов;1
слесарь-сборщик 3 разряда-6 разряда;1
продавец-кассир (шумейка, шумейка, зеленая, 29);1
продавец-кассир (пинеровка, пинеровка, калинина, 1);1
продавец-кассир (лысые горы, лысые горы, советская, 25);1
