сфера деятельности;вакансий
Здравоохранение и социальное обеспечение;588
Продажи, закупки, снабжение, торговля;460
Образование, наука;439
Производство;360
ЖКХ, эксплуатация;235
Транспорт, автобизнес, логистика, склад, ВЭД;213
Сельское хозяйство, экология, ветеринария;184
Электроэнергетика;182
Рабочие специальности;170
Строительство, ремонт, стройматериалы, недвижимость;115
Пищевая промышленность;109
Искусство, культура и развлечения;107
Машиностроение;96
Химическая, нефтехимическая, топливная промышленность;88
Туризм, гостиницы, рестораны;86
Информационные технологии, телекоммуникации, связь;86
Работы, не требующие квалификации;79
Металлургия, металлообработка;77
Услуги населению, сервисное обслуживание;76
Государственная служба, некоммерческие организации;74
Бухгалтерия, налоги, управленческий учет;60
Безопасность, службы охраны;56
Добывающая промышленность;53
Административная работа, секретариат, АХО;50
Домашний персонал;35
Лесная, деревообрабатывающая, целлюлозно-бумажная промышленность;24
Юриспруденция;17
Высший менеджмент;14
Маркетинг, реклама, PR;13
Банки, кредит, страхование, пенсионное обеспечение;12
Легкая промышленность;12
Спорт, фитнес, салоны красоты;6
Консалтинг, стратегическое развитие, управление;3
Развлечения, Мода, Шоу-бизнес;2
Кадровая служба, управление персоналом;2
