населённый пункт;банки;банкоматы;производства;магазины;услуги;всего
Саратов;119;253;5;654;159;1190
Балаково;27;16;0;190;73;306
Энгельс;25;14;2;157;10;208
прочие населённые пункты;7;2;3;81;3;96
Пугачёв;5;3;0;40;14;62
Калининск;2;4;0;55;0;61
Ртищево;5;1;0;49;2;57
Вольск;5;1;2;41;1;50
Балашов;9;4;8;24;1;46
Татищево;1;1;0;34;0;36
Петровск;5;3;7;21;0;36
Маркс;2;1;1;29;0;33
Ершов;2;2;8;13;0;25
Красноармейск;2;0;2;19;0;23
Хвалынск;2;0;0;19;1;22
Новоузенск;3;0;0;17;0;20
Аткарск;2;0;0;18;0;20
Александров Гай;1;0;2;13;2;18
Озинки;1;0;0;15;1;17
Аркадак;2;0;0;14;1;17
Воскресенское;1;1;0;13;0;15
Красный Кут;2;1;0;5;0;8
Ровное;1;0;0;7;0;8
Шиханы;1;0;1;5;0;7
Степное;1;2;0;4;0;7
Турки;1;1;0;5;0;7
Подлесное;1;0;0;2;0;3
Советское;0;0;0;3;0;3
Пробуждение;0;0;0;2;0;2
Старый Хопёр;0;0;0;2;0;2
МАРКС;1;0;0;1;0;2
Дергачи;0;0;0;2;0;2
Новые Выселки;0;0;0;2;0;2
Ахтуба;0;0;0;2;0;2
Ягодная Поляна;0;0;0;2;0;2
Золотое;0;0;0;1;0;1
Балтай;0;0;0;1;0;1
Дубки;0;0;0;1;0;1
Новосельское;0;0;0;1;0;1
посёлок имени Карла Маркса;0;0;0;1;0;1
Шило-Голицыно;0;0;0;1;0;1
муниципальное образование Саратов, посёлок Ивановский;0;0;0;1;0;1
Первомайское;0;0;0;1;0;1
Тёпловка;0;0;0;1;0;1
Генеральское;0;0;0;1;0;1
Сокур;0;0;0;1;0;1
Терса;0;0;0;1;0;1
Сергиевка;0;0;0;1;0;1
Лысые Горы;1;0;0;0;0;1
Потьма;0;0;0;1;0;1
Озерки;0;0;0;1;0;1
Соколовый;0;0;0;1;0;1
