бренд;объектов
Сбербанк;181
Совкомбанк;35
ВТБ;32
ПАО РОСБАНК;25
Промсвязьбанк;24
Газпромбанк;21
Альфа-Банк;20
"ПАО Банк ""ФК Открытие""";17
"АО ""Экономбанк""";14
Райффайзен;11
Россельхозбанк;9
Т-Банк;8
Ак Барс Банк;7
"АО ""Банк ""Агророс""";6
Росбанк;5
ВБРР;5
"ООО ""ХКФ Банк""";4
Почта Банк;3
УБРиР;3
"ПАО ""БыстроБанк""";2
Нижневолжский Коммерческий Банк;2
ПАО Сбербанк;2
"АО ""Почта Банк""";2
Русский Стандарт;2
"ПАО ""Совкомбанк""";2
Уралсиб;1
Экономбанк;1
ВТБ Банк Москвы;1
Открытие;1
"ПАО ""МЕТКОМБАНК""";1
Хоум Кредит;1
Уральский банк реконструкции и развития;1
"ПАО КБ ""УБРиР""";1
Авангард;1
АКБ «Абсолют Банк»;1
Почта банк;1
"ПАО ""АК БАРС"" БАНК";1
ИНВЕСТТОРГБАНК АО;1
ЮниКредит Банк;1
Агророс банк;1
Ренессанс Кредит;1
Уралсиб Банк;1
Циfра банк;1
Цифра брокер;1
"АО ""БАЛАКОВО-БАНК""";1
Финсервис;1
Банк ВТБ (ПАО);1
МТС Банк;1
Тинькофф;1
